original_band,speciesKey,model_species,ebird_code,ebird_common_name,n_fl_intersecting_ebird_pixels,n_fl_presence_pixels,n_fl_zero_pixels,n_fl_nodata_pixels,retained,exclusion_reason
1,2473341,Numida meleagris,helgui,Helmeted Guineafowl,17484,0,17334,150,False,No positive abundance in any native eBird pixel intersecting Florida (all 67 counties)
2,2474337,Aramus guarauna,limpki,Limpkin,17484,2860,14464,160,True,
3,2474393,Fulica americana,y00475,American Coot,17484,2560,14774,150,True,
4,2474416,Porphyrio porphyrio,purswa3,Gray-headed Swamphen,17484,524,16810,150,True,
5,2474639,Porzana carolina,sora,Sora,17484,3850,13484,150,True,
6,2474953,Grus canadensis,sancra,Sandhill Crane,17484,9834,7500,150,True,
7,2475472,Megaceryle alcyon,belkin1,Belted Kingfisher,17484,9742,7592,150,True,
8,2478106,Melanerpes carolinus,rebwoo,Red-bellied Woodpecker,17484,16262,1072,150,True,
9,2478130,Melanerpes erythrocephalus,rehwoo,Red-headed Woodpecker,17484,10747,6587,150,True,
10,2478259,Colaptes auratus,norfli,Northern Flicker,17484,15017,2317,150,True,
11,2478605,Sphyrapicus varius,yebsap,Yellow-bellied Sapsucker,17484,14392,2942,150,True,
12,2479089,Aratinga acuticaudata,bucpar,Blue-crowned Parakeet,17484,91,17243,150,True,
13,2479115,Aratinga leucophthalma,whepar2,White-eyed Parakeet,17484,57,17277,150,True,
14,2479153,Aratinga mitrata,mitpar,Mitred Parakeet,17484,64,17270,150,True,
15,2479407,Myiopsitta monachus,monpar,Monk Parakeet,17484,393,16941,150,True,
16,2479583,Brotogeris chiriri,yecpar,Yellow-chevroned Parakeet,17484,63,17271,150,True,
17,2479666,Amazona amazonica,orwpar,Orange-winged Amazon,17484,24,17310,150,True,
18,2480102,Nandayus nenday,bkhpar,Nanday Parakeet,17484,306,17028,150,True,
19,2480189,Fregata magnificens,magfri,Magnificent Frigatebird,17484,1222,16111,151,True,
20,2480258,Recurvirostra americana,ameavo,American Avocet,17484,1704,15630,150,True,
21,2480273,Haematopus palliatus,ameoys,American Oystercatcher,17484,787,16547,150,True,
22,2480295,Charadrius semipalmatus,semplo,Semipalmated Plover,17484,2020,15314,150,True,
23,2480320,Charadrius vociferus,killde,Killdeer,17484,10947,6387,150,True,
24,2480327,Pluvialis squatarola,bkbplo,Black-bellied Plover,17484,1475,15859,150,True,
25,2480367,Elanus leucurus,whtkit,White-tailed Kite,17484,879,16452,153,True,
26,2480415,Rostrhamus sociabilis,snakit,Snail Kite,17484,1850,15484,150,True,
27,2480446,Haliaeetus leucocephalus,baleag,Bald Eagle,17484,7190,10144,150,True,
28,2480461,Elanoides forficatus,swtkit,Swallow-tailed Kite,17484,14111,3223,150,True,
29,2480487,Circus cyaneus,norhar2,Northern Harrier,17484,7075,10259,150,True,
30,2480529,Buteo lineatus,reshaw,Red-shouldered Hawk,17484,15993,1341,150,True,
31,2480538,Buteo platypterus,brwhaw,Broad-winged Hawk,17484,5092,12242,150,True,
32,2480542,Buteo jamaicensis,rethaw,Red-tailed Hawk,17484,11764,5570,150,True,
33,2480553,Buteo brachyurus,shthaw,Short-tailed Hawk,17484,7336,9997,151,True,
34,2480719,Ictinia mississippiensis,miskit,Mississippi Kite,17484,6010,11324,150,True,
35,2480726,Pandion haliaetus,osprey,Osprey,17484,6991,10343,150,True,
36,2480773,Plegadis falcinellus,gloibi,Glossy Ibis,17484,6021,11313,150,True,
37,2480803,Platalea ajaja,rosspo1,Roseate Spoonbill,17484,3927,13407,150,True,
38,2480830,Bubulcus ibis,categr1,Western Cattle-Egret,17484,11513,5821,150,True,
39,2480863,Nycticorax nycticorax,bcnher,Black-crowned Night Heron,17484,6416,10918,150,True,
40,2480873,Egretta thula,snoegr,Snowy Egret,17484,6439,10895,150,True,
41,2480881,Egretta tricolor,triher,Tricolored Heron,17484,6760,10574,150,True,
42,2480888,Egretta rufescens,redegr,Reddish Egret,17484,660,16668,156,True,
43,2480894,Egretta caerulea,libher,Little Blue Heron,17484,10313,7021,150,True,
44,2480911,Botaurus lentiginosus,amebit,American Bittern,17484,4612,12722,150,True,
45,2480953,Nyctanassa violacea,ycnher,Yellow-crowned Night Heron,17484,2750,14584,150,True,
46,2480964,Morus bassanus,norgan,Northern Gannet,17484,1032,16433,19,True,
47,2480989,Caracara plancus,y00678,Crested Caracara,17484,3125,14209,150,True,
48,2481047,Falco peregrinus,perfal,Peregrine Falcon,17484,3363,13971,150,True,
49,2481119,Chlidonias niger,blkter,Black Tern,17484,1712,15758,14,True,
50,2481134,Larus delawarensis,ribgul,Ring-billed Gull,17484,2670,14664,150,True,
51,2481174,Larus fuscus,lbbgul,Lesser Black-backed Gull,17484,829,16505,150,True,
52,2481209,Rynchops niger,blkski,Black Skimmer,17484,1416,15918,150,True,
53,2481236,Hydroprogne caspia,caster1,Caspian Tern,17484,2449,14885,150,True,
54,2481240,Thalasseus sandvicensis,santer1,Sandwich Tern,17484,1247,16087,150,True,
55,2481263,Gelochelidon nilotica,gubter2,Gull-billed Tern,17484,1618,15716,150,True,
56,2481670,Limnodromus scolopaceus,lobdow,Long-billed Dowitcher,17484,5330,12004,150,True,
57,2481672,Limnodromus griseus,shbdow,Short-billed Dowitcher,17484,1443,15891,150,True,
58,2481684,Limosa fedoa,margod,Marbled Godwit,17484,941,16393,150,True,
59,2481710,Tringa solitaria,solsan,Solitary Sandpiper,17484,11068,6266,150,True,
60,2481720,Tringa melanoleuca,greyel,Greater Yellowlegs,17484,7170,10164,150,True,
61,2481721,Tringa flavipes,lesyel,Lesser Yellowlegs,17484,6603,10731,150,True,
62,2481742,Calidris mauri,wessan,Western Sandpiper,17484,1618,15716,150,True,
63,2481744,Calidris melanotos,pecsan,Pectoral Sandpiper,17484,5317,12017,150,True,
64,2481745,Calidris minutilla,leasan,Least Sandpiper,17484,4859,12475,150,True,
65,2481748,Calidris alba,sander,Sanderling,17484,1056,16278,150,True,
66,2481759,Calidris alpina,dunlin,Dunlin,17484,1360,15974,150,True,
67,2481764,Calidris pusilla,semsan,Semipalmated Sandpiper,17484,2811,14523,150,True,
68,2481765,Calidris canutus,redkno,Red Knot,17484,1035,16299,150,True,
69,2481776,Arenaria interpres,rudtur,Ruddy Turnstone,17484,1196,16138,150,True,
70,2481798,Actitis macularius,sposan,Spotted Sandpiper,17484,4950,12384,150,True,
71,2481817,Gallinago delicata,wilsni1,Wilson's Snipe,17484,9403,7931,150,True,
72,2481875,Phalacrocorax auritus,doccor,Double-crested Cormorant,17484,5948,11386,150,True,
73,2481930,Cathartes aura,turvul,Turkey Vulture,17484,17054,280,150,True,
74,2481937,Mycteria americana,woosto,Wood Stork,17484,7802,9532,150,True,
75,2481942,Coragyps atratus,blkvul,Black Vulture,17484,14096,3238,150,True,
76,2481962,Gavia immer,comloo,Common Loon,17484,1851,15483,150,True,
77,2482059,Podiceps auritus,horgre,Horned Grebe,17484,1560,15774,150,True,
78,2482077,Podilymbus podiceps,pibgre,Pied-billed Grebe,17484,5361,11973,150,True,
79,2482082,Anhinga anhinga,anhing,Anhinga,17484,8345,8989,150,True,
80,2482400,Aphelocoma coerulescens,flsjay,Florida Scrub-Jay,17484,589,16745,150,True,
81,2482481,Corvus ossifragus,fiscro,Fish Crow,17484,8820,8513,151,True,
82,2482507,Corvus brachyrhynchos,amecro,American Crow,17484,14119,3215,150,True,
83,2482593,Cyanocitta cristata,blujay,Blue Jay,17484,14423,2911,150,True,
84,2482802,Empidonax virescens,acafly,Acadian Flycatcher,17484,7453,9881,150,True,
85,2483597,Myiarchus crinitus,grcfly,Great Crested Flycatcher,17484,16033,1301,150,True,
86,2483600,Myiarchus cinerascens,astfly,Ash-throated Flycatcher,17484,1449,15885,150,True,
87,2483606,Sayornis phoebe,easpho,Eastern Phoebe,17484,16473,861,150,True,
88,2483647,Pyrocephalus rubinus,verfly,Vermilion Flycatcher,17484,1800,15534,150,True,
89,2484133,Quiscalus major,botgra,Boat-tailed Grackle,17484,5865,11469,150,True,
90,2484155,Quiscalus quiscula,comgra,Common Grackle,17484,12561,4773,150,True,
91,2484195,Xanthocephalus xanthocephalus,yehbla,Yellow-headed Blackbird,17484,320,17014,150,True,
92,2484254,Sturnella magna,easmea,Eastern Meadowlark,17484,10418,6916,150,True,
93,2484340,Icterus galbula,balori,Baltimore Oriole,17484,1668,15666,150,True,
94,2484391,Molothrus ater,bnhcow,Brown-headed Cowbird,17484,9388,7946,150,True,
95,2484396,Molothrus bonariensis,shicow,Shiny Cowbird,17484,403,16930,151,True,
96,2484404,Molothrus aeneus,brocow,Bronzed Cowbird,17484,629,16705,150,True,
97,2484417,Dolichonyx oryzivorus,boboli,Bobolink,17484,12875,4459,150,True,
98,2484597,Regulus calendula,ruckin,Ruby-crowned Kinglet,17484,15030,2304,150,True,
99,2484609,Bombycilla cedrorum,cedwax,Cedar Waxwing,17484,11867,5467,150,True,
100,2484904,Sitta pusilla,bnhnut,Brown-headed Nuthatch,17484,6416,10918,150,True,
101,2487413,Vireo griseus,whevir,White-eyed Vireo,17484,15944,1390,150,True,
102,2487430,Vireo olivaceus,reevir1,Red-eyed Vireo,17484,12619,4715,150,True,
103,2487453,Vireo flavifrons,yetvir,Yellow-throated Vireo,17484,9650,7684,150,True,
104,2487456,Vireo solitarius,buhvir,Blue-headed Vireo,17484,13944,3390,150,True,
105,2487463,Vireo altiloquus,bkwvir,Black-whiskered Vireo,17484,324,17010,150,True,
106,2487596,Polioptila caerulea,buggna,Blue-gray Gnatcatcher,17484,16804,530,150,True,
107,2487844,Poecile carolinensis,carchi,Carolina Chickadee,17484,8455,8879,150,True,
108,2487887,Baeolophus bicolor,tuftit,Tufted Titmouse,17484,10919,6395,170,True,
109,2488485,Piranga rubra,sumtan,Summer Tanager,17484,9683,7651,150,True,
110,2488517,Piranga olivacea,scatan,Scarlet Tanager,17484,4923,12411,150,True,
111,2489005,Acridotheres tristis,commyn,Common Myna,17484,132,17202,150,True,
112,2489129,Progne subis,purmar,Purple Martin,17484,14290,3044,150,True,
113,2489166,Petrochelidon fulva,cavswa,Cave Swallow,17484,994,16340,150,True,
114,2489181,Tachycineta bicolor,treswa,Tree Swallow,17484,12925,4409,150,True,
115,2489202,Stelgidopteryx serripennis,nrwswa,Northern Rough-winged Swallow,17484,9018,8316,150,True,
116,2489590,Seiurus aurocapilla,ovenbi1,Ovenbird,17484,10390,6944,150,True,
117,2489603,Helmitheros vermivorum,woewar1,Worm-eating Warbler,17484,3396,13938,150,True,
118,2489613,Mniotilta varia,bawwar,Black-and-white Warbler,17484,13841,3493,150,True,
119,2489636,Limnothlypis swainsonii,swawar,Swainson's Warbler,17484,3537,13797,150,True,
120,2489670,Geothlypis trichas,comyel,Common Yellowthroat,17484,16902,432,150,True,
121,2489871,Protonotaria citrea,prowar,Prothonotary Warbler,17484,8172,9162,150,True,
122,2489985,Setophaga ruticilla,amered,American Redstart,17484,14565,2769,150,True,
123,2490327,Passerina cyanea,indbun,Indigo Bunting,17484,15849,1485,150,True,
124,2490384,Cardinalis cardinalis,norcar,Northern Cardinal,17484,16750,584,150,True,
125,2490494,Pheucticus ludovicianus,robgro,Rose-breasted Grosbeak,17484,3880,13454,150,True,
126,2490804,Catharus fuscescens,veery,Veery,17484,9192,8142,150,True,
127,2490810,Catharus guttatus,herthr,Hermit Thrush,17484,12328,5006,150,True,
128,2490821,Catharus ustulatus,swathr,Swainson's Thrush,17484,9950,7384,150,True,
129,2490941,Sialia sialis,easblu,Eastern Bluebird,17484,11572,5762,150,True,
130,2491123,Ammodramus savannarum,graspa,Grasshopper Sparrow,17484,12385,4949,150,True,
131,2491205,Pipilo erythrophthalmus,eastow,Eastern Towhee,17484,13601,3733,150,True,
132,2491728,Pooecetes gramineus,vesspa,Vesper Sparrow,17484,5796,11538,150,True,
133,2492109,Spizella passerina,chispa,Chipping Sparrow,17484,11068,6266,150,True,
134,2492196,Melospiza melodia,sonspa,Song Sparrow,17484,7490,9844,150,True,
135,2492235,Melospiza georgiana,swaspa,Swamp Sparrow,17484,13835,3499,150,True,
136,2492870,Lanius ludovicianus,logshr,Loggerhead Shrike,17484,8358,8976,150,True,
137,2493598,Lonchura punctulata,nutman,Scaly-breasted Munia,17484,205,17129,150,True,
138,2493801,Thryothorus ludovicianus,carwre,Carolina Wren,17484,14856,2478,150,True,
139,2493863,Cistothorus palustris,marwre,Marsh Wren,17484,6979,10355,150,True,
140,2493890,Cistothorus platensis,sedwre1,Sedge Wren,17484,11504,5830,150,True,
141,2494936,Dumetella carolinensis,grycat,Gray Catbird,17484,17003,331,150,True,
142,2495310,Patagioenas leucocephala,whcpig2,White-crowned Pigeon,17484,375,16959,150,True,
143,2495347,Zenaida macroura,moudov,Mourning Dove,17484,16515,819,150,True,
144,2495370,Zenaida asiatica,whwdov,White-winged Dove,17484,2862,14472,150,True,
145,2495414,Columba livia,rocpig,Rock Pigeon,17484,906,16428,150,True,
146,2495696,Streptopelia decaocto,eucdov,Eurasian Collared-Dove,17484,2137,15197,150,True,
147,2495869,Columbina passerina,cogdov,Common Ground Dove,17484,10354,6980,150,True,
148,2496209,Crotophaga ani,smbani,Smooth-billed Ani,17484,113,17221,150,True,
149,2496211,Crotophaga sulcirostris,grbani,Groove-billed Ani,17484,421,16913,150,True,
150,2496287,Coccyzus americanus,yebcuc,Yellow-billed Cuckoo,17484,12975,4359,150,True,
151,2496294,Coccyzus minor,mancuc,Mangrove Cuckoo,17484,537,16797,150,True,
152,2497035,Chordeiles minor,comnig,Common Nighthawk,17484,16550,784,150,True,
153,2497240,Athene cunicularia,burowl,Burrowing Owl,17484,1325,16009,150,True,
154,2497415,Megascops asio,easowl1,Eastern Screech-Owl,17484,13876,3458,150,True,
155,2497541,Strix varia,brdowl,Barred Owl,17484,10873,6461,150,True,
156,2498036,Anser anser,gragoo,Graylag Goose,17484,0,17334,150,False,No positive abundance in any native eBird pixel intersecting Florida (all 67 counties)
157,2498080,Anas fulvigula,motduc,Mottled Duck,17484,2409,14925,150,True,
158,2498112,Anas acuta,norpin,Northern Pintail,17484,2575,14759,150,True,
159,2498155,Mareca americana,amewig,American Wigeon,17484,1759,15575,150,True,
160,2498167,Anser caerulescens,snogoo,Snow Goose,17484,1036,16298,150,True,
161,2498252,Alopochen aegyptiaca,egygoo,Egyptian Goose,17484,421,16913,150,True,
162,2498256,Aythya valisineria,canvas,Canvasback,17484,839,16495,150,True,
163,2498257,Aythya affinis,lessca,Lesser Scaup,17484,2076,15258,150,True,
164,2498263,Aythya americana,redhea,Redhead,17484,1548,15786,150,True,
165,2498264,Aythya collaris,rinduc,Ring-necked Duck,17484,2890,14444,150,True,
166,2498265,Aythya marila,gresca,Greater Scaup,17484,968,16366,150,True,
167,2498305,Oxyura jamaicensis,rudduc,Ruddy Duck,17484,1923,15411,150,True,
168,2498329,Bucephala albeola,buffle,Bufflehead,17484,1332,16002,150,True,
169,2498343,Cygnus olor,mutswa,Mute Swan,17484,0,17334,150,False,No positive abundance in any native eBird pixel intersecting Florida (all 67 counties)
170,2498375,Mergus serrator,rebmer,Red-breasted Merganser,17484,1545,15789,150,True,
171,2498387,Aix sponsa,wooduc,Wood Duck,17484,8739,8595,150,True,
172,2498393,Dendrocygna autumnalis,bbwduc,Black-bellied Whistling-Duck,17484,7658,9676,150,True,
173,2498402,Dendrocygna bicolor,fuwduc,Fulvous Whistling-Duck,17484,856,16478,150,True,
174,2498408,Lophodytes cucullatus,hoomer,Hooded Merganser,17484,1445,15889,150,True,
175,4409023,Chaetura pelagica,chiswi,Chimney Swift,17484,4948,12386,150,True,
176,4848480,Larus smithsonianus,amhgul1,American Herring Gull,17484,1554,15780,150,True,
177,5228136,Porphyrio martinica,purgal2,Purple Gallinule,17484,3359,13975,150,True,
178,5228199,Gallinula chloropus,comgal1,Common Gallinule,17484,4924,12410,150,True,
179,5228514,Archilochus colubris,rthhum,Ruby-throated Hummingbird,17484,3225,14109,150,True,
180,5228824,Dryocopus pileatus,pilwoo,Pileated Woodpecker,17484,13734,3600,150,True,
181,5229128,Himantopus mexicanus,bknsti,Black-necked Stilt,17484,3826,13508,150,True,
182,5229155,Pelecanus erythrorhynchos,amwpel,American White Pelican,17484,3453,13881,150,True,
183,5229158,Pelecanus occidentalis,brnpel,Brown Pelican,17484,1941,15393,150,True,
184,5229205,Eudocimus albus,whiibi,White Ibis,17484,11082,6252,150,True,
185,5229247,Sterna forsteri,forter,Forster's Tern,17484,2338,14996,150,True,
186,5229400,Calidris himantopus,stisan,Stilt Sandpiper,17484,4653,12681,150,True,
187,5229662,Tyrannus melancholicus,trokin,Tropical Kingbird,17484,1094,16240,150,True,
188,5229675,Tyrannus verticalis,weskin,Western Kingbird,17484,2971,14363,150,True,
189,5229678,Tyrannus dominicensis,grykin,Gray Kingbird,17484,1171,16163,150,True,
190,5229687,Tyrannus forficatus,sctfly,Scissor-tailed Flycatcher,17484,3072,14262,150,True,
191,5229688,Tyrannus tyrannus,easkin,Eastern Kingbird,17484,13318,4016,150,True,
192,5229734,Contopus virens,eawpew,Eastern Wood-Pewee,17484,11341,5993,150,True,
193,5229910,Icterus pectoralis,spbori,Spot-breasted Oriole,17484,120,17214,150,True,
194,5229935,Icterus spurius,orcori,Orchard Oriole,17484,5827,11507,150,True,
195,5230862,Passerina caerulea,blugrb1,Blue Grosbeak,17484,13804,3530,150,True,
196,5231132,Zonotrichia leucophrys,whcspa,White-crowned Sparrow,17484,4372,12962,150,True,
197,5231140,Zonotrichia albicollis,whtspa,White-throated Sparrow,17484,5298,12036,150,True,
198,5231142,Passerculus sandwichensis,savspa,Savannah Sparrow,17484,9721,7613,150,True,
199,5231190,Passer domesticus,houspa,House Sparrow,17484,1014,16320,150,True,
200,5231640,Spinus tristis,amegfi,American Goldfinch,17484,13246,4088,150,True,
201,5231677,Mimus polyglottos,normoc,Northern Mockingbird,17484,15392,1942,150,True,
202,5232437,Branta canadensis,cangoo,Canada Goose,17484,1092,16242,150,True,
203,5789281,Thalasseus maximus,royter1,Royal Tern,17484,1657,15677,150,True,
204,5789298,Tringa semipalmata,willet1,Willet,17484,1314,16020,150,True,
205,5959118,Bubo virginianus,grhowl,Great Horned Owl,17484,12483,4851,150,True,
206,5959228,Ara severus,chfmac1,Chestnut-fronted Macaw,17484,27,17307,150,True,
207,5959231,Ara ararauna,baymac,Blue-and-yellow Macaw,17484,24,17310,150,True,
208,6065818,Chroicocephalus philadelphia,bongul,Bonaparte's Gull,17484,1994,15340,150,True,
209,6065844,Leucophaeus atricilla,laugul,Laughing Gull,17484,2470,14864,150,True,
210,6092631,Setophaga virens,btnwar,Black-throated Green Warbler,17484,5440,11894,150,True,
211,6092935,Setophaga striata,bkpwar,Blackpoll Warbler,17484,6233,11101,150,True,
212,6092942,Setophaga pensylvanica,chswar,Chestnut-sided Warbler,17484,2516,14818,150,True,
213,6093199,Setophaga fusca,bkbwar,Blackburnian Warbler,17484,3699,13635,150,True,
214,6093202,Setophaga castanea,babwar,Bay-breasted Warbler,17484,8431,8903,150,True,
215,6093209,Setophaga magnolia,magwar,Magnolia Warbler,17484,7061,10273,150,True,
216,6093345,Setophaga americana,norpar,Northern Parula,17484,14667,2667,150,True,
217,6093357,Setophaga tigrina,camwar,Cape May Warbler,17484,5245,12089,150,True,
218,6093374,Setophaga citrina,hoowar,Hooded Warbler,17484,7198,10136,150,True,
219,6093856,Parkesia noveboracensis,norwat,Northern Waterthrush,17484,13235,4099,150,True,
220,6093862,Parkesia motacilla,louwat,Louisiana Waterthrush,17484,10285,7049,150,True,
221,6101173,Antrostomus carolinensis,chwwid,Chuck-will's-widow,17484,15396,1933,155,True,
222,6101178,Antrostomus vociferus,easwpw1,Eastern Whip-poor-will,17484,10491,6842,151,True,
223,7341544,Peucaea aestivalis,bacspa,Bachman's Sparrow,17484,8069,9265,150,True,
224,7341606,Cardellina pusilla,wlswar,Wilson's Warbler,17484,753,16581,150,True,
225,7341789,Setophaga discolor,prawar,Prairie Warbler,17484,15699,1635,150,True,
226,7341800,Setophaga dominica,yetwar,Yellow-throated Warbler,17484,14050,3284,150,True,
227,7341805,Setophaga coronata,yerwar,Yellow-rumped Warbler,17484,16911,423,150,True,
228,7341816,Setophaga pinus,pinwar,Pine Warbler,17484,14802,2532,150,True,
229,7341822,Setophaga palmarum,palwar,Palm Warbler,17484,16935,399,150,True,
230,7341828,Setophaga caerulescens,btbwar,Black-throated Blue Warbler,17484,5243,12091,150,True,
231,7415507,Leiothlypis peregrina,tenwar,Tennessee Warbler,17484,3573,13761,150,True,
232,7531611,Leiothlypis ruficapilla,naswar,Nashville Warbler,17484,866,16468,150,True,
233,7751637,Rallus crepitans,clarai11,Clapper Rail,17484,1195,16139,150,True,
234,8169649,Leiothlypis celata,orcwar,Orange-crowned Warbler,17484,15379,1955,150,True,
235,8214667,Anas crecca,gnwtea,Green-winged Teal,17484,2622,14712,150,True,
236,8323485,Haemorhous mexicanus,houfin,House Finch,17484,1104,16230,150,True,
237,8332393,Spatula clypeata,norsho,Northern Shoveler,17484,2385,14949,150,True,
238,9046711,Leuconotopicus borealis,recwoo,Red-cockaded Woodpecker,17484,2540,14794,150,True,
239,9149595,Dryobates pubescens,dowwoo,Downy Woodpecker,17484,14247,3087,150,True,
240,9326020,Gallus gallus,redjun,Red Junglefowl,17484,37,17297,150,True,
241,9362027,Mareca strepera,gadwal,Gadwall,17484,1762,15572,150,True,
242,9367409,Sterna hirundo,comter,Common Tern,17484,1288,16182,14,True,
243,9409198,Agelaius phoeniceus,rewbla,Red-winged Blackbird,17484,12611,4723,150,True,
244,9422220,Spatula discors,buwtea,Blue-winged Teal,17484,4656,12678,150,True,
245,9451184,Pavo cristatus,compea,Indian Peafowl,17484,1556,15778,150,True,
246,9479809,Toxostoma rufum,brnthr,Brown Thrasher,17484,11105,6229,150,True,
247,9480015,Rallus elegans,kinrai4,King Rail,17484,5211,12123,150,True,
248,9510564,Turdus migratorius,amerob,American Robin,17484,15858,1476,150,True,
249,9515886,Hirundo rustica,barswa,Barn Swallow,17484,14187,3147,150,True,
250,9539567,Butorides virescens,grnher,Green Heron,17484,8542,8792,150,True,
251,9568884,Tyto furcata,brnowl,American Barn Owl,17484,3588,13746,150,True,
252,9606290,Meleagris gallopavo,wiltur,Wild Turkey,17484,11354,5980,150,True,
253,9630752,Ardea herodias,grbher3,Great Blue Heron,17484,9477,7857,150,True,
254,9685907,Falco sparverius,amekes,American Kestrel,17484,13289,4045,150,True,
255,9691034,Phoenicopterus ruber,grefla2,American Flamingo,17484,837,16497,150,True,
256,9740253,Accipiter striatus,shshaw,Sharp-shinned Hawk,17484,11764,5570,150,True,
257,9751099,Cairina moschata,musduc,Muscovy Duck,17484,935,16399,150,True,
258,9752617,Ardea alba,greegr,Great Egret,17484,10392,6942,150,True,
259,9761484,Anas platyrhynchos,mallar3,Mallard,17484,1722,15612,150,True,
260,9791464,Colinus virginianus,norbob,Northern Bobwhite,17484,12429,4886,169,True,
261,9809229,Sturnus vulgaris,eursta,European Starling,17484,3541,13793,150,True,
262,9813242,Falco columbarius,merlin,Merlin,17484,9030,8304,150,True,
